system_id,system_name,owner,owner_type,classification,ambiguity,acquired,status_2026_07,hospital_types,owner_pattern,chsp_name,include_ccns,exclude_ccns,source_url,source_publisher,source_date,source_quote,source2_url,source2_publisher,source2_date,source2_quote,notes,verified_on
lifepoint,Lifepoint Health,"Apollo Global Management funds (Fund VIII 2018, Fund IX and co-investors from 2021)",buyout_pe,strict,,2018-11-16,owned; received 8 community hospitals from ScionHealth on 2026-06-02,acute; critical access; psychiatric; rehabilitation,^LIFEPOINT|^LEGACY LIFEPOINT|^HISTORIC LIFEPOINT|^DSB ACQUISITION|^RCCH,Lifepoint Health,,,https://www.sec.gov/Archives/edgar/data/0001301611/000119312518329058/d654482dex991.htm,LifePoint Health 8-K Ex. 99.1 (SEC),2018-11-16,"RCCH ... which is owned by certain funds managed by affiliates of Apollo Global Management, LLC",https://pestakeholder.org/news/private-equity-healthcare-acquisitions-june-2026/,Private Equity Stakeholder Project,2026-08-21,Both Lifepoint and ScionHealth are owned by private equity firm Apollo Global Management.,"Many hospitals are joint ventures with nonprofit systems (Duke Lifepoint, HighPoint with Ascension Saint Thomas); pe_system_max_pct records the matched owner's share.",2026-09-13
scionhealth,ScionHealth (Knight Health Holdings),Apollo Global Management funds,buyout_pe,strict,,2021-12-23,owned; 62 LTACHs and 6 community hospital campuses after moving 8 hospitals to Lifepoint (2026-06-02),acute; long-term acute care,^KNIGHT HEALTH|^SCIONHEALTH|^KINDRED HEALTHCARE|^KINDRED HOSPITALS,ScionHealth,,,https://www.lifepointhealth.net/news/2021/12/23/lifepoint-health-completes-kindred-healthcare-transaction,Lifepoint Health press release,2021-12-23,completion of the transaction with Kindred Healthcare and the related launch of ScionHealth,https://pestakeholder.org/news/private-equity-healthcare-acquisitions-june-2026/,Private Equity Stakeholder Project,2026-08-21,Both Lifepoint and ScionHealth are owned by private equity firm Apollo Global Management.,ScionHealth releases do not name Apollo; Apollo attribution is from PESP and news. Distressed debt exchange reported 2025.,2026-09-13
ernest,Ernest Health,One Equity Partners,buyout_pe,strict,,2018-10,owned,inpatient rehabilitation; long-term acute care,^ERNEST HEALTH|^ONE EQUITY PARTNERS,,,,https://www.sec.gov/Archives/edgar/data/1287865/000119312518315007/d640786dex991.htm,Medical Properties Trust 8-K Ex. 99.1 (SEC),2018-11-01,"Completed the previously announced sale of MPT's equity investment in Ernest Health, Inc. in October",https://www.oneequity.com/portfolio/ernest/,One Equity Partners portfolio page,2026-09-13 (accessed),Current,"Not in the CMS Hospital General Information roster, so no priced hospitals. Signed to acquire Reunion Rehabilitation (2026-05-27).",2026-09-13
oceans,Oceans Healthcare (with Haven Behavioral Healthcare from 2025-01-02),Webster Equity Partners,buyout_pe,strict,,2022-02-01,owned,psychiatric,^OCEANS |^WEBSTER EQUITY|^WEBSTER OCEANS|^HAVEN BEHAVIORAL,,,,https://comvest.com/comvest-credit-partners-provides-237-million-senior-credit-facility-to-oceans-healthcare-a-platform-backed-by-webster-equity-partners/,Comvest Partners press release,2025-03-05,Oceans is a portfolio company of private equity firm Webster Equity Partners.,https://www.prnewswire.com/news-releases/oceans-healthcare-acquires-haven-behavioral-healthcare-inc-302341420.html,Oceans Healthcare via PR Newswire,2025-01-02,"has acquired all outstanding shares of Haven Behavioral Healthcare, Inc.",,2026-09-13
summit_bhc,Summit BHC,Patient Square Capital,buyout_pe,strict,,2021-11-24,owned; lender restructuring 2025,psychiatric; substance use,^SUMMIT BEHAVIORAL,,,,https://patientsquarecapital.com/news/patient-square-capital-closes-acquisition-of-summit-bhc/,Patient Square Capital press release,2021-11-24,announced the closing of its previously announced acquisition of Summit BHC,https://patientsquarecapital.com/portfolio/summit-bhc/,Patient Square Capital portfolio page,2026-09-13 (accessed),Current,,2026-09-13
clearsky,ClearSky Health,"Blue Wolf Capital Partners, Peloton Equity, Leavitt Equity Partners",buyout_pe,strict,,2019-04,"owned; recapitalization announced 2026-05-05, investor not named",inpatient rehabilitation,^CLEARSKY|^BW CLEARSKY|^BW AIV|^LEAVITT EQUITY,,,,https://www.pelotonequity.com/news/2019/7/10/blue-wolf-capital-and-peloton-equity-announce-launch-of-clearsky-health,Peloton Equity press release,2019-04-29,partnered with management led by Darby Brockette to establish ClearSky Health,https://leavittequity.com/lep_portfolio/clearsky-health/,Leavitt Equity Partners portfolio page,2026-09-13 (accessed),"May 20, 2022; Active",Not in the CMS roster.,2026-09-13
emerus,Emerus Hospital Partners,"Welsh, Carson, Anderson & Stowe (Fund XII)",buyout_pe,strict,,2015-09,owned,"acute (micro-hospitals, joint ventures with health systems)","EMERUS|^WELSH,? CARSON",,,,https://wcas.com/firm/investments/emerus/,WCAS investment profile,2026-09-13 (accessed),Emerus operates 40+ hospitals with more on the way.,https://www.emerus.com/2015/emerus-announces-investment-by-welsh-carson-anderson-stowe/,Emerus press release,2015-09-01,"signed a definitive agreement to receive a strategic investment from Welsh, Carson, Anderson & Stowe",Hospitals are joint ventures; most operate under the partner's name and CCN. Stake size not disclosed.,2026-09-13
orthonebraska,OrthoNebraska (Nebraska Orthopaedic Hospital),InTandem Capital Partners,buyout_pe,strict,,2023-08-02,owned (2026 status not independently confirmed),acute (orthopedic),^INTANDEM|^ITC (III|ORTHO),,,,https://intandemcapital.com/news-and-videos/intandem-capital-partners-announces-strategic-investment-in-orthonebraska/,InTandem Capital Partners press release,2023-08-02,has completed a strategic equity investment in OrthoNebraska,https://www.audaxprivatedebt.com/news/audax-private-debt-provides-financing-to-support-intandem-capital-partners-acquisition-of-orthonebraska,Audax Private Debt press release,2023-08,to support InTandem Capital Partners ... in their acquisition of OrthoNebraska,Provisional: stake size undisclosed.,2026-09-13
neuropsychiatric,NeuroPsychiatric Hospitals,Enhanced Healthcare Partners,pe_undisclosed_stake,ambiguous,undisclosed_stake,2020-09-30,active investment,psychiatric,^NPH HOLDINGS|^NEURO ?P(S)?YCHIATRIC HOSPITALS,,,,https://www.enhancedhealthcare.com/news/2020/9/30/enhanced-healthcare-partners-announces-investment-in-neuropsychiatric-hospitals,Enhanced Healthcare Partners press release,2020-09-30,NPH currently has four locations in Indiana,https://www.enhancedhealthcare.com/neuropsychiatric-hospitals,Enhanced Healthcare Partners portfolio page,2026-09-13 (accessed),Active,EHP makes minority and majority investments; terms not disclosed.,2026-09-13
ardent,Ardent Health (NYSE: ARDT),"EGI-AM Investments (Equity Group Investments, Zell family) 54.0%",family_office_public_company,ambiguous,family_office,2015-08-04,public since 2024-07-18; EGI-AM controlling stockholder,acute; critical access; rehabilitation; surgical,^ARDENT |^EGI-AM|^EQUITY GROUP INVESTMENTS,Ardent Health Services,,,https://www.sec.gov/Archives/edgar/data/1756655/000162828026024244/ardt-20260408.htm,Ardent Health DEF 14A (SEC),2026-04-08,"EGI-AM 77,246,499 54.0% (as of March 26, 2026)",https://www.sec.gov/Archives/edgar/data/740260/000110465915058228/a15-17358_1ex99d1.htm,Ventas 8-K exhibit (SEC),2015-08-04,an EGI-controlled entity acquired a majority stake in the operations company,PESP counts Ardent as PE owned; EGI describes itself as a private investment firm.,2026-09-13
surgery_partners,Surgery Partners (NASDAQ: SGRY),Bain Capital 38.2% (public company),public_company_pe_minority,ambiguous,public_pe_minority,2017-08-31,public; Bain take-private proposal rejected 2025-06-17,surgical hospitals (19) and ASCs,^SURGERY PARTNERS INC|^NATIONAL SURGICAL HOSPITALS|^SYMBION HOLDINGS,,,,https://www.sec.gov/Archives/edgar/data/0001638833/000163883326000039/sgry-20260423.htm,Surgery Partners DEF 14A (SEC),2026-04-23,"Bain Capital Investors, LLC 49,946,972 38.2% (as of March 31, 2026)",https://www.sec.gov/Archives/edgar/data/0001638833/000110465917055001/a17-21150_1ex99d1.htm,Surgery Partners 8-K exhibit (SEC),2017-08-31,has completed its purchase of H.I.G. Capital's 54% stake in Surgery Partners,,2026-09-13
legent,Legent Health,General Atlantic and Hospital for Special Surgery joint venture (from October 2025); BTG Pactual before,growth_equity_jv,ambiguous,growth_equity_jv,2025-10,owned by the GA/HSS joint venture,acute (surgical and orthopedic hospitals); ASCs,\bLEGENT\b|^PSN GROUP|^GENERAL ATLANTIC|^GA AIV|^PROJECT KELLY,,,,https://www.generalatlantic.com/media-article/hospital-for-special-surgery-and-general-atlantic-launch-national-platform-to-expand-access-to-orthopedic-and-spine-outpatient-care/,General Atlantic press release,2025-10-15,a portfolio company of BTG Pactual Strategic Capital,https://www.legenthealth.com/news/legent-health-appoints-dr-todd-albert-as-chief-medical-officer,Legent Health press release,2026-02-03,Legent's acquisition in October 2025 by HSS and General Atlantic,Ownership split not disclosed; physician-partnered facilities.,2026-09-13
mitchell_family_office,Perimeter Healthcare and American Health Partners (Unity Psychiatric Care),Mitchell Family Office,family_office,ambiguous,family_office,2021-04-14,owned; Perimeter buyer in April 2025 not named in a primary source,psychiatric,^MITCHELL FAMILY|^MFO |^HOLDCO PERIMETER|^PERIMETER ACQUISITION|^AMERICAN HEALTH PARTNERS,,,,https://amhealthpartners.com/american-health-partners-purchased-by-the-mitchell-family-office/,American Health Partners,2021-04-14,entered into a new ownership agreement to become a subsidiary of the Mitchell Family Office,https://www.edgemont.com/transactions/perimeter-healthcare-and-ridgemont-equity-partners/,Edgemont Partners,2025-04,sale to a private investor,CMS All Owners lists Mitchell family trusts and MFO Perimeter LLC as owners.,2026-09-13
summa,Summa Health,"Health Assurance Transformation Corporation (HATCo, General Catalyst)",vc_operating_company,ambiguous,vc_operating_company,2025-10,owned by HATCo,acute,^HEALTH ASSURANCE TRANSFORMATION|^HATCO|^GENERAL CATALYST,Summa Health System,360020,,https://www.ohioattorneygeneral.gov/Media/News-Releases/June-2025/AG-Yost-Approves-Conditional-Sale-of-Summa-Health,Ohio Attorney General,2025-06-18,the sale of Summa Health to General Catalyst subsidiary Health Assurance Transformation LLC (HATCo),https://www.summahealth.org/pressroom/allnews/2026/summa-health-releases-2025-annual-report,Summa Health,2026,transition to the Health Assurance Transformation Company (HATCo) in October 2025,"CMS All Owners (2026-08) still lists SUMMA HEALTH as direct owner, so the CCN is included by hand.",2026-09-13
reunion,Reunion Rehabilitation Hospitals (Nobis),Stanton Road Capital (advisory/minority via Nobis),pe_minority,ambiguous,minority_or_advisory,2021-Q1,pending sale to Ernest Health (signed 2026-05-27),inpatient rehabilitation,^NOBIS|^REUNION,,,,https://stantonroadcapital.com/portfolio/nobis/,Stanton Road Capital portfolio page,2026-09-13 (accessed),SRC Principals are proud to serve on the Advisory Board of the Company.,https://www.prnewswire.com/news-releases/ernest-health-acquires-reunion-rehabilitation-hospitals-expanding-national-network-302782588.html,Ernest Health via PR Newswire,2026-05-27,Ernest Health will expand its footprint from 38 to 45 medical rehabilitation hospitals,Not in the CMS roster.,2026-09-13
quorum,Quorum Health,GoldenTree Asset Management (majority) and Davidson Kempner Capital Management,creditor_owned,ambiguous,creditor,2020-07-07,owned by creditor funds; 11 hospitals; nonprofit conversion (Healthside Partners) expected fall 2026,acute; critical access,^QUORUM HEALTH CORPORATION|^QUORUM HEALTH INVESTMENT|^GOLDENTREE|^GTAM,Quorum Health Corporation,,450653,https://www.healthcaredive.com/news/quorum-health-nonprofit-transition-healthside-partners/820924/,Healthcare Dive,2026-05-22,"Now, Goldentree owns the majority stake.",https://www.firstalert7.com/2026/04/20/big-spring-medical-center-merges-with-shannon-health/,KWES First Alert 7,2026-04-20,Scenic Mountain Medical Center has rebranded to Shannon Medical Center Big Spring following a merger finalized April 1.,"Excludes Scenic Mountain (450653), merged into Shannon Health 2026-04-01. Alta Vista (321312) is on the CMS file but not on quorumhealth.com/locations (accessed 2026-09-13).",2026-09-13
pipeline,Pipeline Health (Los Angeles County),"Post-2023 equity holders unverified; Davidson Kempner held equity and debt, Deerfield and Stanton Road were significant equity holders at the 2022 filing",creditor_owned,ambiguous,creditor,2023-01-13,operating 4 LA County hospitals,acute,^PIPELINE HEALTH|^PHS INTERMEDIATE,Pipeline Health,,,https://document.epiq11.com/document/getdocumentsbydocket/?docketId=969578&projectCode=PIH&docketNumber=216,"US Bankruptcy Court S.D. Tex., Case 22-90291, Doc. 216",2022-10-20,Davidson Kempner is the holder of equity and debt of the Debtors through certain subsidiaries,https://labusinessjournal.com/featured/pipeline-health-operator-of-safety-net-hospitals-files-for-chapter-11-bankruptcy-protection/,Los Angeles Business Journal,2022-10-10,Pipeline Health made its filing late on Oct. 2 in the U.S. Bankruptcy Court for the Southern District of Texas.,The only roster hospitals CMS flags PRIVATE EQUITY COMPANY = Y.,2026-09-13
distressed_debt_funds,Other hospitals with 5%+ ownership by distressed-debt funds,GoldenTree Asset Management; Davidson Kempner Capital Management (Quincy Health vehicles),creditor_owned,ambiguous,creditor,,"per CMS Hospital All Owners, 2026-08 release",acute; critical access,^GOLDENTREE|^GTAM|^DAVIDSON KEMPNER|^DK (LDOI|DISTRESSED|QUINCY)|^DKLDOI|^QUINCY HEALTH,,,450653,https://eulawlive.com/acquisition-approved-joint-control-over-quorum-health-corporation-by-davidson-kempner-capital-management-lp-and-goldentree-asset-management-lp/,EU Law Live,2020-06-01,joint control over Quorum Health Corporation,,,,,Catch-all so hospitals held by these funds outside the Quorum and Pipeline names still count as creditor owned.,2026-09-13
steward,Steward Health Care,none (Cerberus exited 2020; hospitals sold or closed in 2024-2025 bankruptcy),none,exclude,former_pe,2010-11-05,no hospitals as of 2026-07,,,Steward Health Care System,,,https://www.cerberus.com/media/cerberus-provides-additional-background-related-to-steward-health-care/,Cerberus Capital Management,2024-09-19,Cerberus' controlling interest was exchanged for a convertible note,https://www.healthcaredive.com/news/stewards-bankruptcy-documents-reveal-sprawling-debt-planned-hospital-fire/715245/,Healthcare Dive,2024-05-07,Steward Health Care filed for Chapter 11 protections in U.S. Bankruptcy Court for the Southern District of Texas.,"Former hospitals now belong to nonprofits, Quorum (Odessa), or Healthcare Systems of America.",2026-09-13
prospect,Prospect Medical Holdings,founders Sam Lee and David Topper (Leonard Green exited about 2021); Chapter 11 from 2025-01-12,founder_private,exclude,former_pe,2010-12,"in Chapter 11; Crozer closed 2025, RI hospitals sold 2026-03-06, Manchester Memorial sold 2026-01-01",,,Prospect Medical Holdings,,,https://www.ineteconomics.org/uploads/papers/WP_189-Batt-Appelbaum-Public-REITS-2.pdf,INET Working Paper 189 (Batt and Appelbaum),2022-07-09,Leonard Green agreed to sell its 60 percent stake in Prospect Medical to Lee and Topper for $12 million,https://whyy.org/articles/crozer-health-delaware-county-closes/,WHYY,2025-04-21,Prospect Medical Holdings made the extremely difficult decision to begin winding down operations across our Crozer Health facilities.,,2026-09-13
healthcare_systems_of_america,Healthcare Systems of America / American Healthcare Systems,founder-private (Michael Sarian),founder_private,exclude,not_pe,2024-10,"operates former Steward hospitals in FL, TX, LA under MPT leases",,,,,,https://www.yahoo.com/news/5-south-florida-hospitals-under-090000493.html,Miami Herald (via Yahoo),2024-10-29,has signed lease agreements with Medical Properties Trust,,,,,,2026-09-13
hca,HCA Healthcare,"public company (Bain Capital, KKR LBO 2006; IPO 2011)",public_company,exclude,former_pe,2006-11-17,public; PE exited,,,,,,https://pestakeholder.org/reports/private-equity-hospital-tracker-2026/,Private Equity Stakeholder Project,2026-07-20,HCA went public,,,,,,2026-09-13
carepoint,CarePoint Health / Hudson Regional Health,founder-private,founder_private,exclude,not_pe,2024,Bayonne and Hoboken under Hudson Regional Health,,,Carepoint Health,,,https://www.cbsnews.com/newyork/news/heights-university-hospital-jersey-city/,CBS New York,2026-03-14,"HRH, which took over the CarePoint Health system in 2024 after it declared bankruptcy",,,,,,2026-09-13
central_louisiana_surgical,Central Louisiana Surgical Hospital,CHRISTUS Health joint venture (IRA Capital owns only the real estate),real_estate_only,exclude,not_pe,2022-01-05,operated by CHRISTUS JV,,,,,,https://www.iracapital.com/media/ira-capital-acquires-christus-health-surgical-hospital-for-42-million-2,IRA Capital,2022-01-05,a joint-venture that is majority-owned by CHRISTUS Health in partnership with the surgical hospital physicians,,,,,,2026-09-13
core_institute,The CORE Institute Specialty Hospital,physician owned (hospital website); Audax/Linden link unverified,physician_owned,exclude,unverified,,,,,,,,https://thecoreinstitutehospital.com/,The CORE Institute Specialty Hospital,2026-09-13 (accessed),The CORE Institute Specialty Hospital is proudly a physician owned hospital,,,,,CMS All Owners lists Audax and Linden funds as 5%+ indirect owners; left out pending verification.,2026-09-13
